{
    "timestamp": "2026-06-02 12:36:20",
    "replay_attack": {
        "success_blocks": 50,
        "block_rate": 100.0,
        "avg_req1_ms": 39.637737999983074,
        "avg_req2_ms": 40.34940200006531,
        "req1_latencies_ms": [
            31.710799999927985,
            39.14889999941806,
            37.78220000094734,
            36.00580000056652,
            36.09859999960463,
            37.30760000144073,
            38.97259999939706,
            37.86179999951855,
            40.83669999999984,
            40.03779999948165,
            40.471899999829475,
            39.796800001568045,
            39.020199999868055,
            39.0425999994477,
            38.328299999193405,
            37.11420000036014,
            36.05439999955706,
            38.18480000154523,
            39.39209999953164,
            37.90159999880416,
            37.447400000019115,
            36.81289999985893,
            38.63450000062585,
            49.866600000314065,
            50.39369999940391,
            49.13409999971918,
            37.0801000008214,
            36.513599998215795,
            52.58990000038466,
            39.2824999998993,
            55.61599999964528,
            48.17850000108592,
            45.06729999957315,
            44.684499998766114,
            37.212599998383666,
            36.17920000033337,
            35.3517000003194,
            41.95339999932912,
            37.35959999903571,
            35.98960000090301,
            38.19459999976971,
            38.04590000072494,
            39.55649999988964,
            38.89970000091125,
            37.1634000002814,
            34.945800000059535,
            37.868500001422944,
            34.39810000054422,
            39.470199999414035,
            36.92679999949178
        ],
        "req2_latencies_ms": [
            42.707100001280196,
            38.257800000792486,
            40.95690000031027,
            41.84760000134702,
            39.056600000549224,
            35.957199999756995,
            39.19240000141144,
            39.94070000044303,
            38.0418999993708,
            41.321400000015274,
            37.505700000110664,
            37.2812999994494,
            36.05940000124974,
            39.01239999868267,
            41.02250000141794,
            38.69180000037886,
            40.30210000018997,
            37.592399999994086,
            39.71870000168565,
            39.03039999931934,
            36.79109999939101,
            38.199799999347306,
            49.63500000121712,
            46.60379999950237,
            53.57509999885224,
            40.554000001066015,
            37.13919999972859,
            51.90829999992275,
            42.797000000064145,
            51.19379999996454,
            52.66219999975874,
            47.336100000393344,
            44.71860000012384,
            36.99609999966924,
            36.74429999955464,
            38.61649999998917,
            37.63699999944947,
            38.44300000127987,
            36.58290000021225,
            37.20669999893289,
            38.226699998631375,
            36.269000000174856,
            38.110699999378994,
            35.81819999999425,
            40.15599999911501,
            36.603200000172365,
            39.65550000066287,
            37.234499999613035,
            38.55990000010934,
            37.99959999923885
        ]
    },
    "client_malware": {
        "avg_latency_ms": 0.011070000000472646,
        "detection_rate": 100.0,
        "latencies_ms": [
            0.1768000001902692,
            0.01680000059423037,
            0.010800000382005237,
            0.009500001397100277,
            0.009999999747378752,
            0.010199999451288022,
            0.009699999282020144,
            0.011600001016631722,
            0.014600000213249587,
            0.010300000212737359,
            0.010600000678095967,
            0.016499998309882358,
            0.011399999493733048,
            0.004999999873689376,
            0.00909999835130293,
            0.011199999789823778,
            0.011300000551273115,
            0.005699999746866524,
            0.004800000169780105,
            0.004699999408330768,
            0.004700001227320172,
            0.005300000339047983,
            0.014999999621068127,
            0.011800000720540993,
            0.009900000804918818,
            0.015499999790336005,
            0.011399999493733048,
            0.005600000804406591,
            0.004999999873689376,
            0.004700001227320172,
            0.004700001227320172,
            0.004699999408330768,
            0.004600000465870835,
            0.004800000169780105,
            0.004699999408330768,
            0.004599998646881431,
            0.004699999408330768,
            0.004699999408330768,
            0.004699999408330768,
            0.004600000465870835,
            0.004600000465870835,
            0.004800000169780105,
            0.004899999112240039,
            0.004699999408330768,
            0.004899999112240039,
            0.004599998646881431,
            0.004600000465870835,
            0.004900000931229442,
            0.004600000465870835,
            0.004600000465870835
        ]
    },
    "revocation_ocsp": {
        "avg_latency_ms": 860.4869620001045,
        "success_rate": 100.0,
        "latencies_ms": [
            801.1128999987704,
            852.2795000008045,
            843.8544000000547,
            843.9461999987543,
            930.5080999984057,
            912.0634999999311,
            911.2944000007701,
            831.1159000004409,
            854.9916000010853,
            794.33760000029,
            810.5039000001852,
            845.084600001428,
            829.3625000005704,
            784.2149000007339,
            867.8586999994877,
            779.134399999748,
            845.0628999999026,
            857.7109000016208,
            748.698900000818,
            810.1213999998436,
            806.8602000003011,
            877.5609000003897,
            728.6690000000817,
            759.7365000001446,
            788.0006000013964,
            859.4078000005538,
            847.7712000003521,
            822.6156000000628,
            830.7186999991245,
            782.6210999992327,
            990.9654000002774,
            1707.3557000003348,
            1071.1856000016269,
            907.825899999807,
            1009.0448999999353,
            857.5636999994458,
            874.0538999991259,
            800.7959999995364,
            796.0650000004534,
            848.5462999997253,
            854.7636000002967,
            824.967700000343,
            805.256499999814,
            872.8057999996963,
            865.884199998618,
            806.1347999991995,
            946.6398999993544,
            787.365400001363,
            726.4302000003227,
            813.4788000006665
        ]
    }
}